season,round,circuit_id,driver,date_of_birth,nationality,constructor,grid,time,status,points,podium,url
2025,1,albert_park,norris,1999-11-13,British,mclaren,1,6126304.0,Finished,25.0,1,https://en.wikipedia.org/wiki/2025_Australian_Grand_Prix
2025,1,albert_park,max_verstappen,1997-09-30,Dutch,red_bull,3,6127199.0,Finished,18.0,2,https://en.wikipedia.org/wiki/2025_Australian_Grand_Prix
2025,1,albert_park,russell,1998-02-15,British,mercedes,4,6134785.0,Finished,15.0,3,https://en.wikipedia.org/wiki/2025_Australian_Grand_Prix
2025,1,albert_park,antonelli,2006-08-25,Italian,mercedes,16,6136439.0,Finished,12.0,4,https://en.wikipedia.org/wiki/2025_Australian_Grand_Prix
2025,1,albert_park,albon,1996-03-23,Thai,williams,6,6139077.0,Finished,10.0,5,https://en.wikipedia.org/wiki/2025_Australian_Grand_Prix
2025,1,albert_park,stroll,1998-10-29,Canadian,aston_martin,13,6143717.0,Finished,8.0,6,https://en.wikipedia.org/wiki/2025_Australian_Grand_Prix
2025,1,albert_park,hulkenberg,1987-08-19,German,sauber,17,6144727.0,Finished,6.0,7,https://en.wikipedia.org/wiki/2025_Australian_Grand_Prix
2025,1,albert_park,leclerc,1997-10-16,Monegasque,ferrari,7,6146130.0,Finished,4.0,8,https://en.wikipedia.org/wiki/2025_Australian_Grand_Prix
2025,1,albert_park,piastri,2001-04-06,Australian,mclaren,2,6146752.0,Finished,2.0,9,https://en.wikipedia.org/wiki/2025_Australian_Grand_Prix
2025,1,albert_park,hamilton,1985-01-07,British,ferrari,8,6148777.0,Finished,1.0,10,https://en.wikipedia.org/wiki/2025_Australian_Grand_Prix
2025,1,albert_park,gasly,1996-02-07,French,alpine,9,6152806.0,Finished,0.0,11,https://en.wikipedia.org/wiki/2025_Australian_Grand_Prix
2025,1,albert_park,tsunoda,2000-05-11,Japanese,rb,5,6156188.0,Finished,0.0,12,https://en.wikipedia.org/wiki/2025_Australian_Grand_Prix
2025,1,albert_park,ocon,1996-09-17,French,haas,19,6159465.0,Finished,0.0,13,https://en.wikipedia.org/wiki/2025_Australian_Grand_Prix
2025,1,albert_park,bearman,2005-05-08,British,haas,20,6166655.0,Finished,0.0,14,https://en.wikipedia.org/wiki/2025_Australian_Grand_Prix
2025,1,albert_park,lawson,2002-02-11,New Zealander,red_bull,18,,Retired,0.0,15,https://en.wikipedia.org/wiki/2025_Australian_Grand_Prix
2025,1,albert_park,bortoleto,2004-10-14,Brazilian,sauber,15,,Retired,0.0,16,https://en.wikipedia.org/wiki/2025_Australian_Grand_Prix
2025,1,albert_park,alonso,1981-07-29,Spanish,aston_martin,12,,Retired,0.0,17,https://en.wikipedia.org/wiki/2025_Australian_Grand_Prix
2025,1,albert_park,sainz,1994-09-01,Spanish,williams,10,,Retired,0.0,18,https://en.wikipedia.org/wiki/2025_Australian_Grand_Prix
2025,1,albert_park,doohan,2003-01-20,Australian,alpine,14,,Retired,0.0,19,https://en.wikipedia.org/wiki/2025_Australian_Grand_Prix
2025,1,albert_park,hadjar,2004-09-28,French,rb,11,,Retired,0.0,20,https://en.wikipedia.org/wiki/2025_Australian_Grand_Prix
2025,2,shanghai,piastri,2001-04-06,Australian,mclaren,1,5455026.0,Finished,25.0,1,https://en.wikipedia.org/wiki/2025_Chinese_Grand_Prix
2025,2,shanghai,norris,1999-11-13,British,mclaren,3,5464774.0,Finished,18.0,2,https://en.wikipedia.org/wiki/2025_Chinese_Grand_Prix
2025,2,shanghai,russell,1998-02-15,British,mercedes,2,5466123.0,Finished,15.0,3,https://en.wikipedia.org/wiki/2025_Chinese_Grand_Prix
2025,2,shanghai,max_verstappen,1997-09-30,Dutch,red_bull,4,5471682.0,Finished,12.0,4,https://en.wikipedia.org/wiki/2025_Chinese_Grand_Prix
2025,2,shanghai,ocon,1996-09-17,French,haas,11,5504995.0,Finished,10.0,5,https://en.wikipedia.org/wiki/2025_Chinese_Grand_Prix
2025,2,shanghai,antonelli,2006-08-25,Italian,mercedes,8,5508774.0,Finished,8.0,6,https://en.wikipedia.org/wiki/2025_Chinese_Grand_Prix
2025,2,shanghai,albon,1996-03-23,Thai,williams,10,5511347.0,Finished,6.0,7,https://en.wikipedia.org/wiki/2025_Chinese_Grand_Prix
2025,2,shanghai,bearman,2005-05-08,British,haas,17,5516329.0,Finished,4.0,8,https://en.wikipedia.org/wiki/2025_Chinese_Grand_Prix
2025,2,shanghai,stroll,1998-10-29,Canadian,aston_martin,14,5525230.0,Finished,2.0,9,https://en.wikipedia.org/wiki/2025_Chinese_Grand_Prix
2025,2,shanghai,sainz,1994-09-01,Spanish,williams,15,5531413.0,Finished,1.0,10,https://en.wikipedia.org/wiki/2025_Chinese_Grand_Prix
2025,2,shanghai,hadjar,2004-09-28,French,rb,7,5533901.0,Finished,0.0,11,https://en.wikipedia.org/wiki/2025_Chinese_Grand_Prix
2025,2,shanghai,lawson,2002-02-11,New Zealander,red_bull,20,5536173.0,Finished,0.0,12,https://en.wikipedia.org/wiki/2025_Chinese_Grand_Prix
2025,2,shanghai,doohan,2003-01-20,Australian,alpine,18,5543427.0,Finished,0.0,13,https://en.wikipedia.org/wiki/2025_Chinese_Grand_Prix
2025,2,shanghai,bortoleto,2004-10-14,Brazilian,sauber,19,5465782.0,Lapped,0.0,14,https://en.wikipedia.org/wiki/2025_Chinese_Grand_Prix
2025,2,shanghai,hulkenberg,1987-08-19,German,sauber,12,5475252.0,Lapped,0.0,15,https://en.wikipedia.org/wiki/2025_Chinese_Grand_Prix
2025,2,shanghai,tsunoda,2000-05-11,Japanese,rb,9,5478537.0,Lapped,0.0,16,https://en.wikipedia.org/wiki/2025_Chinese_Grand_Prix
2025,2,shanghai,alonso,1981-07-29,Spanish,aston_martin,13,,Retired,0.0,17,https://en.wikipedia.org/wiki/2025_Chinese_Grand_Prix
2025,2,shanghai,leclerc,1997-10-16,Monegasque,ferrari,6,,Disqualified,0.0,18,https://en.wikipedia.org/wiki/2025_Chinese_Grand_Prix
2025,2,shanghai,hamilton,1985-01-07,British,ferrari,5,,Disqualified,0.0,19,https://en.wikipedia.org/wiki/2025_Chinese_Grand_Prix
2025,2,shanghai,gasly,1996-02-07,French,alpine,16,,Disqualified,0.0,20,https://en.wikipedia.org/wiki/2025_Chinese_Grand_Prix
2025,3,suzuka,max_verstappen,1997-09-30,Dutch,red_bull,1,4926983.0,Finished,25.0,1,https://en.wikipedia.org/wiki/2025_Japanese_Grand_Prix
2025,3,suzuka,norris,1999-11-13,British,mclaren,2,4928406.0,Finished,18.0,2,https://en.wikipedia.org/wiki/2025_Japanese_Grand_Prix
2025,3,suzuka,piastri,2001-04-06,Australian,mclaren,3,4929112.0,Finished,15.0,3,https://en.wikipedia.org/wiki/2025_Japanese_Grand_Prix
2025,3,suzuka,leclerc,1997-10-16,Monegasque,ferrari,4,4943080.0,Finished,12.0,4,https://en.wikipedia.org/wiki/2025_Japanese_Grand_Prix
2025,3,suzuka,russell,1998-02-15,British,mercedes,5,4944345.0,Finished,10.0,5,https://en.wikipedia.org/wiki/2025_Japanese_Grand_Prix
2025,3,suzuka,antonelli,2006-08-25,Italian,mercedes,6,4945654.0,Finished,8.0,6,https://en.wikipedia.org/wiki/2025_Japanese_Grand_Prix
2025,3,suzuka,hamilton,1985-01-07,British,ferrari,8,4956165.0,Finished,6.0,7,https://en.wikipedia.org/wiki/2025_Japanese_Grand_Prix
2025,3,suzuka,hadjar,2004-09-28,French,rb,7,4964117.0,Finished,4.0,8,https://en.wikipedia.org/wiki/2025_Japanese_Grand_Prix
2025,3,suzuka,albon,1996-03-23,Thai,williams,9,4967350.0,Finished,2.0,9,https://en.wikipedia.org/wiki/2025_Japanese_Grand_Prix
2025,3,suzuka,bearman,2005-05-08,British,haas,10,4981512.0,Finished,1.0,10,https://en.wikipedia.org/wiki/2025_Japanese_Grand_Prix
2025,3,suzuka,alonso,1981-07-29,Spanish,aston_martin,12,4984316.0,Finished,0.0,11,https://en.wikipedia.org/wiki/2025_Japanese_Grand_Prix
2025,3,suzuka,tsunoda,2000-05-11,Japanese,red_bull,14,4985384.0,Finished,0.0,12,https://en.wikipedia.org/wiki/2025_Japanese_Grand_Prix
2025,3,suzuka,gasly,1996-02-07,French,alpine,11,4989105.0,Finished,0.0,13,https://en.wikipedia.org/wiki/2025_Japanese_Grand_Prix
2025,3,suzuka,sainz,1994-09-01,Spanish,williams,15,5001112.0,Finished,0.0,14,https://en.wikipedia.org/wiki/2025_Japanese_Grand_Prix
2025,3,suzuka,doohan,2003-01-20,Australian,alpine,19,5008297.0,Finished,0.0,15,https://en.wikipedia.org/wiki/2025_Japanese_Grand_Prix
2025,3,suzuka,hulkenberg,1987-08-19,German,sauber,16,5008940.0,Finished,0.0,16,https://en.wikipedia.org/wiki/2025_Japanese_Grand_Prix
2025,3,suzuka,lawson,2002-02-11,New Zealander,rb,13,5009717.0,Finished,0.0,17,https://en.wikipedia.org/wiki/2025_Japanese_Grand_Prix
2025,3,suzuka,ocon,1996-09-17,French,haas,18,5010421.0,Finished,0.0,18,https://en.wikipedia.org/wiki/2025_Japanese_Grand_Prix
2025,3,suzuka,bortoleto,2004-10-14,Brazilian,sauber,17,5010880.0,Finished,0.0,19,https://en.wikipedia.org/wiki/2025_Japanese_Grand_Prix
2025,3,suzuka,stroll,1998-10-29,Canadian,aston_martin,20,4939912.0,Lapped,0.0,20,https://en.wikipedia.org/wiki/2025_Japanese_Grand_Prix
2025,4,bahrain,piastri,2001-04-06,Australian,mclaren,1,5739435.0,Finished,25.0,1,https://en.wikipedia.org/wiki/2025_Bahrain_Grand_Prix
2025,4,bahrain,russell,1998-02-15,British,mercedes,3,5754934.0,Finished,18.0,2,https://en.wikipedia.org/wiki/2025_Bahrain_Grand_Prix
2025,4,bahrain,norris,1999-11-13,British,mclaren,6,5755708.0,Finished,15.0,3,https://en.wikipedia.org/wiki/2025_Bahrain_Grand_Prix
2025,4,bahrain,leclerc,1997-10-16,Monegasque,ferrari,2,5759114.0,Finished,12.0,4,https://en.wikipedia.org/wiki/2025_Bahrain_Grand_Prix
2025,4,bahrain,hamilton,1985-01-07,British,ferrari,9,5767428.0,Finished,10.0,5,https://en.wikipedia.org/wiki/2025_Bahrain_Grand_Prix
2025,4,bahrain,max_verstappen,1997-09-30,Dutch,red_bull,7,5773830.0,Finished,8.0,6,https://en.wikipedia.org/wiki/2025_Bahrain_Grand_Prix
2025,4,bahrain,gasly,1996-02-07,French,alpine,4,5775437.0,Finished,6.0,7,https://en.wikipedia.org/wiki/2025_Bahrain_Grand_Prix
2025,4,bahrain,ocon,1996-09-17,French,haas,14,5783679.0,Finished,4.0,8,https://en.wikipedia.org/wiki/2025_Bahrain_Grand_Prix
2025,4,bahrain,tsunoda,2000-05-11,Japanese,red_bull,10,5784496.0,Finished,2.0,9,https://en.wikipedia.org/wiki/2025_Bahrain_Grand_Prix
2025,4,bahrain,bearman,2005-05-08,British,haas,20,5787029.0,Finished,1.0,10,https://en.wikipedia.org/wiki/2025_Bahrain_Grand_Prix
2025,4,bahrain,antonelli,2006-08-25,Italian,mercedes,5,5787451.0,Finished,0.0,11,https://en.wikipedia.org/wiki/2025_Bahrain_Grand_Prix
2025,4,bahrain,albon,1996-03-23,Thai,williams,15,5788274.0,Finished,0.0,12,https://en.wikipedia.org/wiki/2025_Bahrain_Grand_Prix
2025,4,bahrain,hadjar,2004-09-28,French,rb,12,5795749.0,Finished,0.0,13,https://en.wikipedia.org/wiki/2025_Bahrain_Grand_Prix
2025,4,bahrain,doohan,2003-01-20,Australian,alpine,11,5797241.0,Finished,0.0,14,https://en.wikipedia.org/wiki/2025_Bahrain_Grand_Prix
2025,4,bahrain,alonso,1981-07-29,Spanish,aston_martin,13,5799775.0,Finished,0.0,15,https://en.wikipedia.org/wiki/2025_Bahrain_Grand_Prix
2025,4,bahrain,lawson,2002-02-11,New Zealander,rb,17,5803870.0,Finished,0.0,16,https://en.wikipedia.org/wiki/2025_Bahrain_Grand_Prix
2025,4,bahrain,stroll,1998-10-29,Canadian,aston_martin,19,5804924.0,Finished,0.0,17,https://en.wikipedia.org/wiki/2025_Bahrain_Grand_Prix
2025,4,bahrain,bortoleto,2004-10-14,Brazilian,sauber,18,5806307.0,Finished,0.0,18,https://en.wikipedia.org/wiki/2025_Bahrain_Grand_Prix
2025,4,bahrain,sainz,1994-09-01,Spanish,williams,8,,Retired,0.0,19,https://en.wikipedia.org/wiki/2025_Bahrain_Grand_Prix
2025,4,bahrain,hulkenberg,1987-08-19,German,sauber,16,,Disqualified,0.0,20,https://en.wikipedia.org/wiki/2025_Bahrain_Grand_Prix
2025,5,jeddah,piastri,2001-04-06,Australian,mclaren,2,4866758.0,Finished,25.0,1,https://en.wikipedia.org/wiki/2025_Saudi_Arabian_Grand_Prix
2025,5,jeddah,max_verstappen,1997-09-30,Dutch,red_bull,1,4869601.0,Finished,18.0,2,https://en.wikipedia.org/wiki/2025_Saudi_Arabian_Grand_Prix
2025,5,jeddah,leclerc,1997-10-16,Monegasque,ferrari,4,4874862.0,Finished,15.0,3,https://en.wikipedia.org/wiki/2025_Saudi_Arabian_Grand_Prix
2025,5,jeddah,norris,1999-11-13,British,mclaren,10,4875954.0,Finished,12.0,4,https://en.wikipedia.org/wiki/2025_Saudi_Arabian_Grand_Prix
2025,5,jeddah,russell,1998-02-15,British,mercedes,3,4893994.0,Finished,10.0,5,https://en.wikipedia.org/wiki/2025_Saudi_Arabian_Grand_Prix
2025,5,jeddah,antonelli,2006-08-25,Italian,mercedes,5,4901446.0,Finished,8.0,6,https://en.wikipedia.org/wiki/2025_Saudi_Arabian_Grand_Prix
2025,5,jeddah,hamilton,1985-01-07,British,ferrari,7,4905831.0,Finished,6.0,7,https://en.wikipedia.org/wiki/2025_Saudi_Arabian_Grand_Prix
2025,5,jeddah,sainz,1994-09-01,Spanish,williams,6,4931388.0,Finished,4.0,8,https://en.wikipedia.org/wiki/2025_Saudi_Arabian_Grand_Prix
2025,5,jeddah,albon,1996-03-23,Thai,williams,11,4933273.0,Finished,2.0,9,https://en.wikipedia.org/wiki/2025_Saudi_Arabian_Grand_Prix
2025,5,jeddah,hadjar,2004-09-28,French,rb,14,4933849.0,Finished,1.0,10,https://en.wikipedia.org/wiki/2025_Saudi_Arabian_Grand_Prix
2025,5,jeddah,alonso,1981-07-29,Spanish,aston_martin,13,4942675.0,Finished,0.0,11,https://en.wikipedia.org/wiki/2025_Saudi_Arabian_Grand_Prix
2025,5,jeddah,lawson,2002-02-11,New Zealander,rb,12,4945209.0,Finished,0.0,12,https://en.wikipedia.org/wiki/2025_Saudi_Arabian_Grand_Prix
2025,5,jeddah,bearman,2005-05-08,British,haas,15,4945952.0,Finished,0.0,13,https://en.wikipedia.org/wiki/2025_Saudi_Arabian_Grand_Prix
2025,5,jeddah,ocon,1996-09-17,French,haas,19,4966481.0,Finished,0.0,14,https://en.wikipedia.org/wiki/2025_Saudi_Arabian_Grand_Prix
2025,5,jeddah,hulkenberg,1987-08-19,German,sauber,18,4871367.0,Lapped,0.0,15,https://en.wikipedia.org/wiki/2025_Saudi_Arabian_Grand_Prix
2025,5,jeddah,stroll,1998-10-29,Canadian,aston_martin,16,4872285.0,Lapped,0.0,16,https://en.wikipedia.org/wiki/2025_Saudi_Arabian_Grand_Prix
2025,5,jeddah,doohan,2003-01-20,Australian,alpine,17,4886022.0,Lapped,0.0,17,https://en.wikipedia.org/wiki/2025_Saudi_Arabian_Grand_Prix
2025,5,jeddah,bortoleto,2004-10-14,Brazilian,sauber,20,4886064.0,Lapped,0.0,18,https://en.wikipedia.org/wiki/2025_Saudi_Arabian_Grand_Prix
2025,5,jeddah,tsunoda,2000-05-11,Japanese,red_bull,8,,Retired,0.0,19,https://en.wikipedia.org/wiki/2025_Saudi_Arabian_Grand_Prix
2025,5,jeddah,gasly,1996-02-07,French,alpine,9,,Retired,0.0,20,https://en.wikipedia.org/wiki/2025_Saudi_Arabian_Grand_Prix
2025,6,miami,piastri,2001-04-06,Australian,mclaren,4,5331587.0,Finished,25.0,1,https://en.wikipedia.org/wiki/2025_Miami_Grand_Prix
2025,6,miami,norris,1999-11-13,British,mclaren,2,5336217.0,Finished,18.0,2,https://en.wikipedia.org/wiki/2025_Miami_Grand_Prix
2025,6,miami,russell,1998-02-15,British,mercedes,5,5369231.0,Finished,15.0,3,https://en.wikipedia.org/wiki/2025_Miami_Grand_Prix
2025,6,miami,max_verstappen,1997-09-30,Dutch,red_bull,1,5371543.0,Finished,12.0,4,https://en.wikipedia.org/wiki/2025_Miami_Grand_Prix
2025,6,miami,albon,1996-03-23,Thai,williams,7,5379654.0,Finished,10.0,5,https://en.wikipedia.org/wiki/2025_Miami_Grand_Prix
2025,6,miami,antonelli,2006-08-25,Italian,mercedes,3,5387089.0,Finished,8.0,6,https://en.wikipedia.org/wiki/2025_Miami_Grand_Prix
2025,6,miami,leclerc,1997-10-16,Monegasque,ferrari,8,5388623.0,Finished,6.0,7,https://en.wikipedia.org/wiki/2025_Miami_Grand_Prix
2025,6,miami,hamilton,1985-01-07,British,ferrari,12,5391773.0,Finished,4.0,8,https://en.wikipedia.org/wiki/2025_Miami_Grand_Prix
2025,6,miami,sainz,1994-09-01,Spanish,williams,6,5392164.0,Finished,2.0,9,https://en.wikipedia.org/wiki/2025_Miami_Grand_Prix
2025,6,miami,tsunoda,2000-05-11,Japanese,red_bull,10,5406021.0,Finished,1.0,10,https://en.wikipedia.org/wiki/2025_Miami_Grand_Prix
2025,6,miami,hadjar,2004-09-28,French,rb,11,5406189.0,Finished,0.0,11,https://en.wikipedia.org/wiki/2025_Miami_Grand_Prix
2025,6,miami,ocon,1996-09-17,French,haas,9,5413593.0,Finished,0.0,12,https://en.wikipedia.org/wiki/2025_Miami_Grand_Prix
2025,6,miami,gasly,1996-02-07,French,alpine,20,5422032.0,Finished,0.0,13,https://en.wikipedia.org/wiki/2025_Miami_Grand_Prix
2025,6,miami,hulkenberg,1987-08-19,German,sauber,16,5332742.0,Lapped,0.0,14,https://en.wikipedia.org/wiki/2025_Miami_Grand_Prix
2025,6,miami,alonso,1981-07-29,Spanish,aston_martin,17,5352566.0,Lapped,0.0,15,https://en.wikipedia.org/wiki/2025_Miami_Grand_Prix
2025,6,miami,stroll,1998-10-29,Canadian,aston_martin,18,5356749.0,Lapped,0.0,16,https://en.wikipedia.org/wiki/2025_Miami_Grand_Prix
2025,6,miami,lawson,2002-02-11,New Zealander,rb,15,,Retired,0.0,17,https://en.wikipedia.org/wiki/2025_Miami_Grand_Prix
2025,6,miami,bortoleto,2004-10-14,Brazilian,sauber,13,,Retired,0.0,18,https://en.wikipedia.org/wiki/2025_Miami_Grand_Prix
2025,6,miami,bearman,2005-05-08,British,haas,19,,Retired,0.0,19,https://en.wikipedia.org/wiki/2025_Miami_Grand_Prix
2025,6,miami,doohan,2003-01-20,Australian,alpine,14,,Retired,0.0,20,https://en.wikipedia.org/wiki/2025_Miami_Grand_Prix
2025,7,imola,max_verstappen,1997-09-30,Dutch,red_bull,2,5493199.0,Finished,25.0,1,https://en.wikipedia.org/wiki/2025_Emilia_Romagna_Grand_Prix
2025,7,imola,norris,1999-11-13,British,mclaren,4,5499308.0,Finished,18.0,2,https://en.wikipedia.org/wiki/2025_Emilia_Romagna_Grand_Prix
2025,7,imola,piastri,2001-04-06,Australian,mclaren,1,5506155.0,Finished,15.0,3,https://en.wikipedia.org/wiki/2025_Emilia_Romagna_Grand_Prix
2025,7,imola,hamilton,1985-01-07,British,ferrari,12,5507555.0,Finished,12.0,4,https://en.wikipedia.org/wiki/2025_Emilia_Romagna_Grand_Prix
2025,7,imola,albon,1996-03-23,Thai,williams,7,5511144.0,Finished,10.0,5,https://en.wikipedia.org/wiki/2025_Emilia_Romagna_Grand_Prix
2025,7,imola,leclerc,1997-10-16,Monegasque,ferrari,11,5513973.0,Finished,8.0,6,https://en.wikipedia.org/wiki/2025_Emilia_Romagna_Grand_Prix
2025,7,imola,russell,1998-02-15,British,mercedes,3,5515233.0,Finished,6.0,7,https://en.wikipedia.org/wiki/2025_Emilia_Romagna_Grand_Prix
2025,7,imola,sainz,1994-09-01,Spanish,williams,6,5516097.0,Finished,4.0,8,https://en.wikipedia.org/wiki/2025_Emilia_Romagna_Grand_Prix
2025,7,imola,hadjar,2004-09-28,French,rb,9,5516785.0,Finished,2.0,9,https://en.wikipedia.org/wiki/2025_Emilia_Romagna_Grand_Prix
2025,7,imola,tsunoda,2000-05-11,Japanese,red_bull,20,5519645.0,Finished,1.0,10,https://en.wikipedia.org/wiki/2025_Emilia_Romagna_Grand_Prix
2025,7,imola,alonso,1981-07-29,Spanish,aston_martin,5,5520449.0,Finished,0.0,11,https://en.wikipedia.org/wiki/2025_Emilia_Romagna_Grand_Prix
2025,7,imola,hulkenberg,1987-08-19,German,sauber,17,5523495.0,Finished,0.0,12,https://en.wikipedia.org/wiki/2025_Emilia_Romagna_Grand_Prix
2025,7,imola,gasly,1996-02-07,French,alpine,10,5524623.0,Finished,0.0,13,https://en.wikipedia.org/wiki/2025_Emilia_Romagna_Grand_Prix
2025,7,imola,lawson,2002-02-11,New Zealander,rb,15,5525710.0,Finished,0.0,14,https://en.wikipedia.org/wiki/2025_Emilia_Romagna_Grand_Prix
2025,7,imola,stroll,1998-10-29,Canadian,aston_martin,8,5526192.0,Finished,0.0,15,https://en.wikipedia.org/wiki/2025_Emilia_Romagna_Grand_Prix
2025,7,imola,colapinto,2003-05-27,Argentine,alpine,16,5526610.0,Finished,0.0,16,https://en.wikipedia.org/wiki/2025_Emilia_Romagna_Grand_Prix
2025,7,imola,bearman,2005-05-08,British,haas,19,5527007.0,Finished,0.0,17,https://en.wikipedia.org/wiki/2025_Emilia_Romagna_Grand_Prix
2025,7,imola,bortoleto,2004-10-14,Brazilian,sauber,14,5531771.0,Finished,0.0,18,https://en.wikipedia.org/wiki/2025_Emilia_Romagna_Grand_Prix
2025,7,imola,antonelli,2006-08-25,Italian,mercedes,13,,Retired,0.0,19,https://en.wikipedia.org/wiki/2025_Emilia_Romagna_Grand_Prix
2025,7,imola,ocon,1996-09-17,French,haas,18,,Retired,0.0,20,https://en.wikipedia.org/wiki/2025_Emilia_Romagna_Grand_Prix
2025,8,monaco,norris,1999-11-13,British,mclaren,1,6033843.0,Finished,25.0,1,https://en.wikipedia.org/wiki/2025_Monaco_Grand_Prix
2025,8,monaco,leclerc,1997-10-16,Monegasque,ferrari,2,6036974.0,Finished,18.0,2,https://en.wikipedia.org/wiki/2025_Monaco_Grand_Prix
2025,8,monaco,piastri,2001-04-06,Australian,mclaren,3,6037501.0,Finished,15.0,3,https://en.wikipedia.org/wiki/2025_Monaco_Grand_Prix
2025,8,monaco,max_verstappen,1997-09-30,Dutch,red_bull,4,6054415.0,Finished,12.0,4,https://en.wikipedia.org/wiki/2025_Monaco_Grand_Prix
2025,8,monaco,hamilton,1985-01-07,British,ferrari,7,6085230.0,Finished,10.0,5,https://en.wikipedia.org/wiki/2025_Monaco_Grand_Prix
2025,8,monaco,hadjar,2004-09-28,French,rb,5,6098925.0,Lapped,8.0,6,https://en.wikipedia.org/wiki/2025_Monaco_Grand_Prix
2025,8,monaco,ocon,1996-09-17,French,haas,8,6099872.0,Lapped,6.0,7,https://en.wikipedia.org/wiki/2025_Monaco_Grand_Prix
2025,8,monaco,lawson,2002-02-11,New Zealander,rb,9,6100589.0,Lapped,4.0,8,https://en.wikipedia.org/wiki/2025_Monaco_Grand_Prix
2025,8,monaco,albon,1996-03-23,Thai,williams,10,6045712.0,Lapped,2.0,9,https://en.wikipedia.org/wiki/2025_Monaco_Grand_Prix
2025,8,monaco,sainz,1994-09-01,Spanish,williams,11,6049075.0,Lapped,1.0,10,https://en.wikipedia.org/wiki/2025_Monaco_Grand_Prix
2025,8,monaco,russell,1998-02-15,British,mercedes,14,6067687.0,Lapped,0.0,11,https://en.wikipedia.org/wiki/2025_Monaco_Grand_Prix
2025,8,monaco,bearman,2005-05-08,British,haas,20,6088536.0,Lapped,0.0,12,https://en.wikipedia.org/wiki/2025_Monaco_Grand_Prix
2025,8,monaco,colapinto,2003-05-27,Argentine,alpine,18,6090957.0,Lapped,0.0,13,https://en.wikipedia.org/wiki/2025_Monaco_Grand_Prix
2025,8,monaco,bortoleto,2004-10-14,Brazilian,sauber,16,6102267.0,Lapped,0.0,14,https://en.wikipedia.org/wiki/2025_Monaco_Grand_Prix
2025,8,monaco,stroll,1998-10-29,Canadian,aston_martin,19,6104238.0,Lapped,0.0,15,https://en.wikipedia.org/wiki/2025_Monaco_Grand_Prix
2025,8,monaco,hulkenberg,1987-08-19,German,sauber,13,6105387.0,Lapped,0.0,16,https://en.wikipedia.org/wiki/2025_Monaco_Grand_Prix
2025,8,monaco,tsunoda,2000-05-11,Japanese,red_bull,12,6105692.0,Lapped,0.0,17,https://en.wikipedia.org/wiki/2025_Monaco_Grand_Prix
2025,8,monaco,antonelli,2006-08-25,Italian,mercedes,15,6042252.0,Lapped,0.0,18,https://en.wikipedia.org/wiki/2025_Monaco_Grand_Prix
2025,8,monaco,alonso,1981-07-29,Spanish,aston_martin,6,,Retired,0.0,19,https://en.wikipedia.org/wiki/2025_Monaco_Grand_Prix
2025,8,monaco,gasly,1996-02-07,French,alpine,17,,Retired,0.0,20,https://en.wikipedia.org/wiki/2025_Monaco_Grand_Prix
2025,9,catalunya,piastri,2001-04-06,Australian,mclaren,1,5577375.0,Finished,25.0,1,https://en.wikipedia.org/wiki/2025_Spanish_Grand_Prix
2025,9,catalunya,norris,1999-11-13,British,mclaren,2,5579846.0,Finished,18.0,2,https://en.wikipedia.org/wiki/2025_Spanish_Grand_Prix
2025,9,catalunya,leclerc,1997-10-16,Monegasque,ferrari,7,5587830.0,Finished,15.0,3,https://en.wikipedia.org/wiki/2025_Spanish_Grand_Prix
2025,9,catalunya,russell,1998-02-15,British,mercedes,4,5588734.0,Finished,12.0,4,https://en.wikipedia.org/wiki/2025_Spanish_Grand_Prix
2025,9,catalunya,hulkenberg,1987-08-19,German,sauber,15,5591023.0,Finished,10.0,5,https://en.wikipedia.org/wiki/2025_Spanish_Grand_Prix
2025,9,catalunya,hamilton,1985-01-07,British,ferrari,5,5592883.0,Finished,8.0,6,https://en.wikipedia.org/wiki/2025_Spanish_Grand_Prix
2025,9,catalunya,hadjar,2004-09-28,French,rb,9,5593397.0,Finished,6.0,7,https://en.wikipedia.org/wiki/2025_Spanish_Grand_Prix
2025,9,catalunya,gasly,1996-02-07,French,alpine,8,5595257.0,Finished,4.0,8,https://en.wikipedia.org/wiki/2025_Spanish_Grand_Prix
2025,9,catalunya,alonso,1981-07-29,Spanish,aston_martin,10,5598939.0,Finished,2.0,9,https://en.wikipedia.org/wiki/2025_Spanish_Grand_Prix
2025,9,catalunya,max_verstappen,1997-09-30,Dutch,red_bull,3,5599201.0,Finished,1.0,10,https://en.wikipedia.org/wiki/2025_Spanish_Grand_Prix
2025,9,catalunya,lawson,2002-02-11,New Zealander,rb,13,5602907.0,Finished,0.0,11,https://en.wikipedia.org/wiki/2025_Spanish_Grand_Prix
2025,9,catalunya,bortoleto,2004-10-14,Brazilian,sauber,12,5603371.0,Finished,0.0,12,https://en.wikipedia.org/wiki/2025_Spanish_Grand_Prix
2025,9,catalunya,tsunoda,2000-05-11,Japanese,red_bull,19,5606197.0,Finished,0.0,13,https://en.wikipedia.org/wiki/2025_Spanish_Grand_Prix
2025,9,catalunya,sainz,1994-09-01,Spanish,williams,17,5606684.0,Finished,0.0,14,https://en.wikipedia.org/wiki/2025_Spanish_Grand_Prix
2025,9,catalunya,colapinto,2003-05-27,Argentine,alpine,18,5608756.0,Finished,0.0,15,https://en.wikipedia.org/wiki/2025_Spanish_Grand_Prix
2025,9,catalunya,ocon,1996-09-17,French,haas,16,5609572.0,Finished,0.0,16,https://en.wikipedia.org/wiki/2025_Spanish_Grand_Prix
2025,9,catalunya,bearman,2005-05-08,British,haas,14,5614440.0,Finished,0.0,17,https://en.wikipedia.org/wiki/2025_Spanish_Grand_Prix
2025,9,catalunya,antonelli,2006-08-25,Italian,mercedes,6,,Retired,0.0,18,https://en.wikipedia.org/wiki/2025_Spanish_Grand_Prix
2025,9,catalunya,albon,1996-03-23,Thai,williams,11,,Retired,0.0,19,https://en.wikipedia.org/wiki/2025_Spanish_Grand_Prix
2025,10,villeneuve,russell,1998-02-15,British,mercedes,1,5512688.0,Finished,25.0,1,https://en.wikipedia.org/wiki/2025_Canadian_Grand_Prix
2025,10,villeneuve,max_verstappen,1997-09-30,Dutch,red_bull,2,5512916.0,Finished,18.0,2,https://en.wikipedia.org/wiki/2025_Canadian_Grand_Prix
2025,10,villeneuve,antonelli,2006-08-25,Italian,mercedes,4,5513702.0,Finished,15.0,3,https://en.wikipedia.org/wiki/2025_Canadian_Grand_Prix
2025,10,villeneuve,piastri,2001-04-06,Australian,mclaren,3,5514797.0,Finished,12.0,4,https://en.wikipedia.org/wiki/2025_Canadian_Grand_Prix
2025,10,villeneuve,leclerc,1997-10-16,Monegasque,ferrari,8,5516130.0,Finished,10.0,5,https://en.wikipedia.org/wiki/2025_Canadian_Grand_Prix
2025,10,villeneuve,hamilton,1985-01-07,British,ferrari,5,5523401.0,Finished,8.0,6,https://en.wikipedia.org/wiki/2025_Canadian_Grand_Prix
2025,10,villeneuve,alonso,1981-07-29,Spanish,aston_martin,6,5523660.0,Finished,6.0,7,https://en.wikipedia.org/wiki/2025_Canadian_Grand_Prix
2025,10,villeneuve,hulkenberg,1987-08-19,German,sauber,11,5528052.0,Finished,4.0,8,https://en.wikipedia.org/wiki/2025_Canadian_Grand_Prix
2025,10,villeneuve,ocon,1996-09-17,French,haas,14,5514161.0,Lapped,2.0,9,https://en.wikipedia.org/wiki/2025_Canadian_Grand_Prix
2025,10,villeneuve,sainz,1994-09-01,Spanish,williams,16,5514574.0,Lapped,1.0,10,https://en.wikipedia.org/wiki/2025_Canadian_Grand_Prix
2025,10,villeneuve,bearman,2005-05-08,British,haas,13,5516405.0,Lapped,0.0,11,https://en.wikipedia.org/wiki/2025_Canadian_Grand_Prix
2025,10,villeneuve,tsunoda,2000-05-11,Japanese,red_bull,18,5518144.0,Lapped,0.0,12,https://en.wikipedia.org/wiki/2025_Canadian_Grand_Prix
2025,10,villeneuve,colapinto,2003-05-27,Argentine,alpine,10,5519706.0,Lapped,0.0,13,https://en.wikipedia.org/wiki/2025_Canadian_Grand_Prix
2025,10,villeneuve,bortoleto,2004-10-14,Brazilian,sauber,15,5520567.0,Lapped,0.0,14,https://en.wikipedia.org/wiki/2025_Canadian_Grand_Prix
2025,10,villeneuve,gasly,1996-02-07,French,alpine,20,5520638.0,Lapped,0.0,15,https://en.wikipedia.org/wiki/2025_Canadian_Grand_Prix
2025,10,villeneuve,hadjar,2004-09-28,French,rb,12,5521425.0,Lapped,0.0,16,https://en.wikipedia.org/wiki/2025_Canadian_Grand_Prix
2025,10,villeneuve,stroll,1998-10-29,Canadian,aston_martin,17,5521751.0,Lapped,0.0,17,https://en.wikipedia.org/wiki/2025_Canadian_Grand_Prix
2025,10,villeneuve,norris,1999-11-13,British,mclaren,7,5042470.0,Retired,0.0,18,https://en.wikipedia.org/wiki/2025_Canadian_Grand_Prix
2025,10,villeneuve,lawson,2002-02-11,New Zealander,rb,19,,Retired,0.0,19,https://en.wikipedia.org/wiki/2025_Canadian_Grand_Prix
2025,10,villeneuve,albon,1996-03-23,Thai,williams,9,,Retired,0.0,20,https://en.wikipedia.org/wiki/2025_Canadian_Grand_Prix
2025,11,red_bull_ring,norris,1999-11-13,British,mclaren,1,5027693.0,Finished,25.0,1,https://en.wikipedia.org/wiki/2025_Austrian_Grand_Prix
2025,11,red_bull_ring,piastri,2001-04-06,Australian,mclaren,3,5030388.0,Finished,18.0,2,https://en.wikipedia.org/wiki/2025_Austrian_Grand_Prix
2025,11,red_bull_ring,leclerc,1997-10-16,Monegasque,ferrari,2,5047513.0,Finished,15.0,3,https://en.wikipedia.org/wiki/2025_Austrian_Grand_Prix
2025,11,red_bull_ring,hamilton,1985-01-07,British,ferrari,4,5056713.0,Finished,12.0,4,https://en.wikipedia.org/wiki/2025_Austrian_Grand_Prix
2025,11,red_bull_ring,russell,1998-02-15,British,mercedes,5,5090089.0,Finished,10.0,5,https://en.wikipedia.org/wiki/2025_Austrian_Grand_Prix
2025,11,red_bull_ring,lawson,2002-02-11,New Zealander,rb,6,5095447.0,Finished,8.0,6,https://en.wikipedia.org/wiki/2025_Austrian_Grand_Prix
2025,11,red_bull_ring,alonso,1981-07-29,Spanish,aston_martin,11,5029130.0,Lapped,6.0,7,https://en.wikipedia.org/wiki/2025_Austrian_Grand_Prix
2025,11,red_bull_ring,bortoleto,2004-10-14,Brazilian,sauber,8,5029645.0,Lapped,4.0,8,https://en.wikipedia.org/wiki/2025_Austrian_Grand_Prix
2025,11,red_bull_ring,hulkenberg,1987-08-19,German,sauber,20,5035413.0,Lapped,2.0,9,https://en.wikipedia.org/wiki/2025_Austrian_Grand_Prix
2025,11,red_bull_ring,ocon,1996-09-17,French,haas,17,5037679.0,Lapped,1.0,10,https://en.wikipedia.org/wiki/2025_Austrian_Grand_Prix
2025,11,red_bull_ring,bearman,2005-05-08,British,haas,15,5052547.0,Lapped,0.0,11,https://en.wikipedia.org/wiki/2025_Austrian_Grand_Prix
2025,11,red_bull_ring,hadjar,2004-09-28,French,rb,13,5055650.0,Lapped,0.0,12,https://en.wikipedia.org/wiki/2025_Austrian_Grand_Prix
2025,11,red_bull_ring,gasly,1996-02-07,French,alpine,10,5060748.0,Lapped,0.0,13,https://en.wikipedia.org/wiki/2025_Austrian_Grand_Prix
2025,11,red_bull_ring,stroll,1998-10-29,Canadian,aston_martin,16,5062155.0,Lapped,0.0,14,https://en.wikipedia.org/wiki/2025_Austrian_Grand_Prix
2025,11,red_bull_ring,colapinto,2003-05-27,Argentine,alpine,14,5070385.0,Lapped,0.0,15,https://en.wikipedia.org/wiki/2025_Austrian_Grand_Prix
2025,11,red_bull_ring,tsunoda,2000-05-11,Japanese,red_bull,18,5030672.0,Lapped,0.0,16,https://en.wikipedia.org/wiki/2025_Austrian_Grand_Prix
2025,11,red_bull_ring,albon,1996-03-23,Thai,williams,12,,Retired,0.0,17,https://en.wikipedia.org/wiki/2025_Austrian_Grand_Prix
2025,11,red_bull_ring,max_verstappen,1997-09-30,Dutch,red_bull,7,,Retired,0.0,18,https://en.wikipedia.org/wiki/2025_Austrian_Grand_Prix
2025,11,red_bull_ring,antonelli,2006-08-25,Italian,mercedes,9,,Retired,0.0,19,https://en.wikipedia.org/wiki/2025_Austrian_Grand_Prix
2025,11,red_bull_ring,sainz,1994-09-01,Spanish,williams,19,,Did not start,0.0,20,https://en.wikipedia.org/wiki/2025_Austrian_Grand_Prix
2025,12,silverstone,norris,1999-11-13,British,mclaren,3,5835735.0,Finished,25.0,1,https://en.wikipedia.org/wiki/2025_British_Grand_Prix
2025,12,silverstone,piastri,2001-04-06,Australian,mclaren,2,5842547.0,Finished,18.0,2,https://en.wikipedia.org/wiki/2025_British_Grand_Prix
2025,12,silverstone,hulkenberg,1987-08-19,German,sauber,19,5870477.0,Finished,15.0,3,https://en.wikipedia.org/wiki/2025_British_Grand_Prix
2025,12,silverstone,hamilton,1985-01-07,British,ferrari,5,5875547.0,Finished,12.0,4,https://en.wikipedia.org/wiki/2025_British_Grand_Prix
2025,12,silverstone,max_verstappen,1997-09-30,Dutch,red_bull,1,5892516.0,Finished,10.0,5,https://en.wikipedia.org/wiki/2025_British_Grand_Prix
2025,12,silverstone,gasly,1996-02-07,French,alpine,8,5895592.0,Finished,8.0,6,https://en.wikipedia.org/wiki/2025_British_Grand_Prix
2025,12,silverstone,stroll,1998-10-29,Canadian,aston_martin,17,5896338.0,Finished,6.0,7,https://en.wikipedia.org/wiki/2025_British_Grand_Prix
2025,12,silverstone,albon,1996-03-23,Thai,williams,13,5899870.0,Finished,4.0,8,https://en.wikipedia.org/wiki/2025_British_Grand_Prix
2025,12,silverstone,alonso,1981-07-29,Spanish,aston_martin,7,5901593.0,Finished,2.0,9,https://en.wikipedia.org/wiki/2025_British_Grand_Prix
2025,12,silverstone,russell,1998-02-15,British,mercedes,4,5906409.0,Finished,1.0,10,https://en.wikipedia.org/wiki/2025_British_Grand_Prix
2025,12,silverstone,bearman,2005-05-08,British,haas,18,5907830.0,Finished,0.0,11,https://en.wikipedia.org/wiki/2025_British_Grand_Prix
2025,12,silverstone,sainz,1994-09-01,Spanish,williams,9,5912327.0,Finished,0.0,12,https://en.wikipedia.org/wiki/2025_British_Grand_Prix
2025,12,silverstone,ocon,1996-09-17,French,haas,14,5913036.0,Finished,0.0,13,https://en.wikipedia.org/wiki/2025_British_Grand_Prix
2025,12,silverstone,leclerc,1997-10-16,Monegasque,ferrari,6,5920212.0,Finished,0.0,14,https://en.wikipedia.org/wiki/2025_British_Grand_Prix
2025,12,silverstone,tsunoda,2000-05-11,Japanese,red_bull,11,5867985.0,Lapped,0.0,15,https://en.wikipedia.org/wiki/2025_British_Grand_Prix
2025,12,silverstone,antonelli,2006-08-25,Italian,mercedes,10,,Retired,0.0,16,https://en.wikipedia.org/wiki/2025_British_Grand_Prix
2025,12,silverstone,hadjar,2004-09-28,French,rb,12,,Retired,0.0,17,https://en.wikipedia.org/wiki/2025_British_Grand_Prix
2025,12,silverstone,bortoleto,2004-10-14,Brazilian,sauber,16,,Retired,0.0,18,https://en.wikipedia.org/wiki/2025_British_Grand_Prix
2025,12,silverstone,lawson,2002-02-11,New Zealander,rb,15,,Retired,0.0,19,https://en.wikipedia.org/wiki/2025_British_Grand_Prix
2025,12,silverstone,colapinto,2003-05-27,Argentine,alpine,20,,Did not start,0.0,20,https://en.wikipedia.org/wiki/2025_British_Grand_Prix
2025,13,spa,piastri,2001-04-06,Australian,mclaren,2,5122601.0,Finished,25.0,1,https://en.wikipedia.org/wiki/2025_Belgian_Grand_Prix
2025,13,spa,norris,1999-11-13,British,mclaren,1,5126016.0,Finished,18.0,2,https://en.wikipedia.org/wiki/2025_Belgian_Grand_Prix
2025,13,spa,leclerc,1997-10-16,Monegasque,ferrari,3,5142786.0,Finished,15.0,3,https://en.wikipedia.org/wiki/2025_Belgian_Grand_Prix
2025,13,spa,max_verstappen,1997-09-30,Dutch,red_bull,4,5144332.0,Finished,12.0,4,https://en.wikipedia.org/wiki/2025_Belgian_Grand_Prix
2025,13,spa,russell,1998-02-15,British,mercedes,6,5157464.0,Finished,10.0,5,https://en.wikipedia.org/wiki/2025_Belgian_Grand_Prix
2025,13,spa,albon,1996-03-23,Thai,williams,5,5162527.0,Finished,8.0,6,https://en.wikipedia.org/wiki/2025_Belgian_Grand_Prix
2025,13,spa,hamilton,1985-01-07,British,ferrari,18,5163280.0,Finished,6.0,7,https://en.wikipedia.org/wiki/2025_Belgian_Grand_Prix
2025,13,spa,lawson,2002-02-11,New Zealander,rb,9,5174634.0,Finished,4.0,8,https://en.wikipedia.org/wiki/2025_Belgian_Grand_Prix
2025,13,spa,bortoleto,2004-10-14,Brazilian,sauber,10,5179035.0,Finished,2.0,9,https://en.wikipedia.org/wiki/2025_Belgian_Grand_Prix
2025,13,spa,gasly,1996-02-07,French,alpine,13,5195315.0,Finished,1.0,10,https://en.wikipedia.org/wiki/2025_Belgian_Grand_Prix
2025,13,spa,bearman,2005-05-08,British,haas,12,5195746.0,Finished,0.0,11,https://en.wikipedia.org/wiki/2025_Belgian_Grand_Prix
2025,13,spa,hulkenberg,1987-08-19,German,sauber,14,5196229.0,Finished,0.0,12,https://en.wikipedia.org/wiki/2025_Belgian_Grand_Prix
2025,13,spa,tsunoda,2000-05-11,Japanese,red_bull,7,5197996.0,Finished,0.0,13,https://en.wikipedia.org/wiki/2025_Belgian_Grand_Prix
2025,13,spa,stroll,1998-10-29,Canadian,aston_martin,16,5202432.0,Finished,0.0,14,https://en.wikipedia.org/wiki/2025_Belgian_Grand_Prix
2025,13,spa,ocon,1996-09-17,French,haas,11,5208664.0,Finished,0.0,15,https://en.wikipedia.org/wiki/2025_Belgian_Grand_Prix
2025,13,spa,antonelli,2006-08-25,Italian,mercedes,19,5209322.0,Finished,0.0,16,https://en.wikipedia.org/wiki/2025_Belgian_Grand_Prix
2025,13,spa,alonso,1981-07-29,Spanish,aston_martin,20,5210525.0,Finished,0.0,17,https://en.wikipedia.org/wiki/2025_Belgian_Grand_Prix
2025,13,spa,sainz,1994-09-01,Spanish,williams,17,5214625.0,Finished,0.0,18,https://en.wikipedia.org/wiki/2025_Belgian_Grand_Prix
2025,13,spa,colapinto,2003-05-27,Argentine,alpine,15,5217851.0,Finished,0.0,19,https://en.wikipedia.org/wiki/2025_Belgian_Grand_Prix
2025,13,spa,hadjar,2004-09-28,French,rb,8,5135543.0,Lapped,0.0,20,https://en.wikipedia.org/wiki/2025_Belgian_Grand_Prix
2025,14,hungaroring,norris,1999-11-13,British,mclaren,3,5721231.0,Finished,25.0,1,https://en.wikipedia.org/wiki/2025_Hungarian_Grand_Prix
2025,14,hungaroring,piastri,2001-04-06,Australian,mclaren,2,5721929.0,Finished,18.0,2,https://en.wikipedia.org/wiki/2025_Hungarian_Grand_Prix
2025,14,hungaroring,russell,1998-02-15,British,mercedes,4,5743147.0,Finished,15.0,3,https://en.wikipedia.org/wiki/2025_Hungarian_Grand_Prix
2025,14,hungaroring,leclerc,1997-10-16,Monegasque,ferrari,1,5763791.0,Finished,12.0,4,https://en.wikipedia.org/wiki/2025_Hungarian_Grand_Prix
2025,14,hungaroring,alonso,1981-07-29,Spanish,aston_martin,5,5780271.0,Finished,10.0,5,https://en.wikipedia.org/wiki/2025_Hungarian_Grand_Prix
2025,14,hungaroring,bortoleto,2004-10-14,Brazilian,sauber,7,5787400.0,Finished,8.0,6,https://en.wikipedia.org/wiki/2025_Hungarian_Grand_Prix
2025,14,hungaroring,stroll,1998-10-29,Canadian,aston_martin,6,5789405.0,Finished,6.0,7,https://en.wikipedia.org/wiki/2025_Hungarian_Grand_Prix
2025,14,hungaroring,lawson,2002-02-11,New Zealander,rb,9,5790682.0,Finished,4.0,8,https://en.wikipedia.org/wiki/2025_Hungarian_Grand_Prix
2025,14,hungaroring,max_verstappen,1997-09-30,Dutch,red_bull,8,5793876.0,Finished,2.0,9,https://en.wikipedia.org/wiki/2025_Hungarian_Grand_Prix
2025,14,hungaroring,antonelli,2006-08-25,Italian,mercedes,15,5728880.0,Lapped,1.0,10,https://en.wikipedia.org/wiki/2025_Hungarian_Grand_Prix
2025,14,hungaroring,hadjar,2004-09-28,French,rb,10,5729731.0,Lapped,0.0,11,https://en.wikipedia.org/wiki/2025_Hungarian_Grand_Prix
2025,14,hungaroring,hamilton,1985-01-07,British,ferrari,12,5731092.0,Lapped,0.0,12,https://en.wikipedia.org/wiki/2025_Hungarian_Grand_Prix
2025,14,hungaroring,hulkenberg,1987-08-19,German,sauber,18,5752499.0,Lapped,0.0,13,https://en.wikipedia.org/wiki/2025_Hungarian_Grand_Prix
2025,14,hungaroring,sainz,1994-09-01,Spanish,williams,13,5754557.0,Lapped,0.0,14,https://en.wikipedia.org/wiki/2025_Hungarian_Grand_Prix
2025,14,hungaroring,albon,1996-03-23,Thai,williams,19,5759342.0,Lapped,0.0,15,https://en.wikipedia.org/wiki/2025_Hungarian_Grand_Prix
2025,14,hungaroring,ocon,1996-09-17,French,haas,17,5766489.0,Lapped,0.0,16,https://en.wikipedia.org/wiki/2025_Hungarian_Grand_Prix
2025,14,hungaroring,tsunoda,2000-05-11,Japanese,red_bull,20,5768174.0,Lapped,0.0,17,https://en.wikipedia.org/wiki/2025_Hungarian_Grand_Prix
2025,14,hungaroring,colapinto,2003-05-27,Argentine,alpine,14,5768601.0,Lapped,0.0,18,https://en.wikipedia.org/wiki/2025_Hungarian_Grand_Prix
2025,14,hungaroring,gasly,1996-02-07,French,alpine,16,5777575.0,Lapped,0.0,19,https://en.wikipedia.org/wiki/2025_Hungarian_Grand_Prix
2025,14,hungaroring,bearman,2005-05-08,British,haas,11,,Retired,0.0,20,https://en.wikipedia.org/wiki/2025_Hungarian_Grand_Prix
2025,15,zandvoort,piastri,2001-04-06,Australian,mclaren,1,5909849.0,Finished,25.0,1,https://en.wikipedia.org/wiki/2025_Dutch_Grand_Prix
2025,15,zandvoort,max_verstappen,1997-09-30,Dutch,red_bull,3,5911120.0,Finished,18.0,2,https://en.wikipedia.org/wiki/2025_Dutch_Grand_Prix
2025,15,zandvoort,hadjar,2004-09-28,French,rb,4,5913082.0,Finished,15.0,3,https://en.wikipedia.org/wiki/2025_Dutch_Grand_Prix
2025,15,zandvoort,russell,1998-02-15,British,mercedes,5,5915503.0,Finished,12.0,4,https://en.wikipedia.org/wiki/2025_Dutch_Grand_Prix
2025,15,zandvoort,albon,1996-03-23,Thai,williams,15,5916176.0,Finished,10.0,5,https://en.wikipedia.org/wiki/2025_Dutch_Grand_Prix
2025,15,zandvoort,bearman,2005-05-08,British,haas,20,5918893.0,Finished,8.0,6,https://en.wikipedia.org/wiki/2025_Dutch_Grand_Prix
2025,15,zandvoort,stroll,1998-10-29,Canadian,aston_martin,19,5919346.0,Finished,6.0,7,https://en.wikipedia.org/wiki/2025_Dutch_Grand_Prix
2025,15,zandvoort,alonso,1981-07-29,Spanish,aston_martin,10,5921558.0,Finished,4.0,8,https://en.wikipedia.org/wiki/2025_Dutch_Grand_Prix
2025,15,zandvoort,tsunoda,2000-05-11,Japanese,red_bull,12,5923446.0,Finished,2.0,9,https://en.wikipedia.org/wiki/2025_Dutch_Grand_Prix
2025,15,zandvoort,ocon,1996-09-17,French,haas,18,5923912.0,Finished,1.0,10,https://en.wikipedia.org/wiki/2025_Dutch_Grand_Prix
2025,15,zandvoort,colapinto,2003-05-27,Argentine,alpine,16,5924360.0,Finished,0.0,11,https://en.wikipedia.org/wiki/2025_Dutch_Grand_Prix
2025,15,zandvoort,lawson,2002-02-11,New Zealander,rb,8,5926912.0,Finished,0.0,12,https://en.wikipedia.org/wiki/2025_Dutch_Grand_Prix
2025,15,zandvoort,sainz,1994-09-01,Spanish,williams,9,5927225.0,Finished,0.0,13,https://en.wikipedia.org/wiki/2025_Dutch_Grand_Prix
2025,15,zandvoort,hulkenberg,1987-08-19,German,sauber,17,5929574.0,Finished,0.0,14,https://en.wikipedia.org/wiki/2025_Dutch_Grand_Prix
2025,15,zandvoort,bortoleto,2004-10-14,Brazilian,sauber,13,5931414.0,Finished,0.0,15,https://en.wikipedia.org/wiki/2025_Dutch_Grand_Prix
2025,15,zandvoort,antonelli,2006-08-25,Italian,mercedes,11,5931878.0,Finished,0.0,16,https://en.wikipedia.org/wiki/2025_Dutch_Grand_Prix
2025,15,zandvoort,gasly,1996-02-07,French,alpine,14,5933478.0,Finished,0.0,17,https://en.wikipedia.org/wiki/2025_Dutch_Grand_Prix
2025,15,zandvoort,norris,1999-11-13,British,mclaren,2,5168487.0,Retired,0.0,18,https://en.wikipedia.org/wiki/2025_Dutch_Grand_Prix
2025,15,zandvoort,leclerc,1997-10-16,Monegasque,ferrari,6,,Retired,0.0,19,https://en.wikipedia.org/wiki/2025_Dutch_Grand_Prix
2025,15,zandvoort,hamilton,1985-01-07,British,ferrari,7,,Retired,0.0,20,https://en.wikipedia.org/wiki/2025_Dutch_Grand_Prix
2025,16,monza,max_verstappen,1997-09-30,Dutch,red_bull,1,4404325.0,Finished,25.0,1,https://en.wikipedia.org/wiki/2025_Italian_Grand_Prix
2025,16,monza,norris,1999-11-13,British,mclaren,2,4423532.0,Finished,18.0,2,https://en.wikipedia.org/wiki/2025_Italian_Grand_Prix
2025,16,monza,piastri,2001-04-06,Australian,mclaren,3,4425676.0,Finished,15.0,3,https://en.wikipedia.org/wiki/2025_Italian_Grand_Prix
2025,16,monza,leclerc,1997-10-16,Monegasque,ferrari,4,4429949.0,Finished,12.0,4,https://en.wikipedia.org/wiki/2025_Italian_Grand_Prix
2025,16,monza,russell,1998-02-15,British,mercedes,5,4437206.0,Finished,10.0,5,https://en.wikipedia.org/wiki/2025_Italian_Grand_Prix
2025,16,monza,hamilton,1985-01-07,British,ferrari,10,4441774.0,Finished,8.0,6,https://en.wikipedia.org/wiki/2025_Italian_Grand_Prix
2025,16,monza,albon,1996-03-23,Thai,williams,14,4454862.0,Finished,6.0,7,https://en.wikipedia.org/wiki/2025_Italian_Grand_Prix
2025,16,monza,bortoleto,2004-10-14,Brazilian,sauber,7,4462809.0,Finished,4.0,8,https://en.wikipedia.org/wiki/2025_Italian_Grand_Prix
2025,16,monza,antonelli,2006-08-25,Italian,mercedes,6,4464087.0,Finished,2.0,9,https://en.wikipedia.org/wiki/2025_Italian_Grand_Prix
2025,16,monza,hadjar,2004-09-28,French,rb,19,4468216.0,Finished,1.0,10,https://en.wikipedia.org/wiki/2025_Italian_Grand_Prix
2025,16,monza,sainz,1994-09-01,Spanish,williams,13,4468794.0,Finished,0.0,11,https://en.wikipedia.org/wiki/2025_Italian_Grand_Prix
2025,16,monza,bearman,2005-05-08,British,haas,11,4483613.0,Finished,0.0,12,https://en.wikipedia.org/wiki/2025_Italian_Grand_Prix
2025,16,monza,tsunoda,2000-05-11,Japanese,red_bull,9,4485026.0,Finished,0.0,13,https://en.wikipedia.org/wiki/2025_Italian_Grand_Prix
2025,16,monza,lawson,2002-02-11,New Zealander,rb,18,4486676.0,Finished,0.0,14,https://en.wikipedia.org/wiki/2025_Italian_Grand_Prix
2025,16,monza,ocon,1996-09-17,French,haas,15,4406460.0,Lapped,0.0,15,https://en.wikipedia.org/wiki/2025_Italian_Grand_Prix
2025,16,monza,gasly,1996-02-07,French,alpine,20,4410162.0,Lapped,0.0,16,https://en.wikipedia.org/wiki/2025_Italian_Grand_Prix
2025,16,monza,colapinto,2003-05-27,Argentine,alpine,17,4411773.0,Lapped,0.0,17,https://en.wikipedia.org/wiki/2025_Italian_Grand_Prix
2025,16,monza,stroll,1998-10-29,Canadian,aston_martin,16,4413626.0,Lapped,0.0,18,https://en.wikipedia.org/wiki/2025_Italian_Grand_Prix
2025,16,monza,alonso,1981-07-29,Spanish,aston_martin,8,,Retired,0.0,19,https://en.wikipedia.org/wiki/2025_Italian_Grand_Prix
2025,16,monza,hulkenberg,1987-08-19,German,sauber,12,,Did not start,0.0,20,https://en.wikipedia.org/wiki/2025_Italian_Grand_Prix
2025,17,baku,max_verstappen,1997-09-30,Dutch,red_bull,1,5606408.0,Finished,25.0,1,https://en.wikipedia.org/wiki/2025_Azerbaijan_Grand_Prix
2025,17,baku,russell,1998-02-15,British,mercedes,5,5621017.0,Finished,18.0,2,https://en.wikipedia.org/wiki/2025_Azerbaijan_Grand_Prix
2025,17,baku,sainz,1994-09-01,Spanish,williams,2,5625607.0,Finished,15.0,3,https://en.wikipedia.org/wiki/2025_Azerbaijan_Grand_Prix
2025,17,baku,antonelli,2006-08-25,Italian,mercedes,4,5628168.0,Finished,12.0,4,https://en.wikipedia.org/wiki/2025_Azerbaijan_Grand_Prix
2025,17,baku,lawson,2002-02-11,New Zealander,rb,3,5639698.0,Finished,10.0,5,https://en.wikipedia.org/wiki/2025_Azerbaijan_Grand_Prix
2025,17,baku,tsunoda,2000-05-11,Japanese,red_bull,6,5640216.0,Finished,8.0,6,https://en.wikipedia.org/wiki/2025_Azerbaijan_Grand_Prix
2025,17,baku,norris,1999-11-13,British,mclaren,7,5640635.0,Finished,6.0,7,https://en.wikipedia.org/wiki/2025_Azerbaijan_Grand_Prix
2025,17,baku,hamilton,1985-01-07,British,ferrari,12,5642718.0,Finished,4.0,8,https://en.wikipedia.org/wiki/2025_Azerbaijan_Grand_Prix
2025,17,baku,leclerc,1997-10-16,Monegasque,ferrari,10,5643182.0,Finished,2.0,9,https://en.wikipedia.org/wiki/2025_Azerbaijan_Grand_Prix
2025,17,baku,hadjar,2004-09-28,French,rb,8,5645390.0,Finished,1.0,10,https://en.wikipedia.org/wiki/2025_Azerbaijan_Grand_Prix
2025,17,baku,bortoleto,2004-10-14,Brazilian,sauber,13,5674014.0,Finished,0.0,11,https://en.wikipedia.org/wiki/2025_Azerbaijan_Grand_Prix
2025,17,baku,bearman,2005-05-08,British,haas,15,5674670.0,Finished,0.0,12,https://en.wikipedia.org/wiki/2025_Azerbaijan_Grand_Prix
2025,17,baku,albon,1996-03-23,Thai,williams,19,5679278.0,Finished,0.0,13,https://en.wikipedia.org/wiki/2025_Azerbaijan_Grand_Prix
2025,17,baku,ocon,1996-09-17,French,haas,20,5683988.0,Finished,0.0,14,https://en.wikipedia.org/wiki/2025_Azerbaijan_Grand_Prix
2025,17,baku,alonso,1981-07-29,Spanish,aston_martin,11,5685115.0,Finished,0.0,15,https://en.wikipedia.org/wiki/2025_Azerbaijan_Grand_Prix
2025,17,baku,hulkenberg,1987-08-19,German,sauber,17,5686645.0,Finished,0.0,16,https://en.wikipedia.org/wiki/2025_Azerbaijan_Grand_Prix
2025,17,baku,stroll,1998-10-29,Canadian,aston_martin,14,5702800.0,Finished,0.0,17,https://en.wikipedia.org/wiki/2025_Azerbaijan_Grand_Prix
2025,17,baku,gasly,1996-02-07,French,alpine,18,5610273.0,Lapped,0.0,18,https://en.wikipedia.org/wiki/2025_Azerbaijan_Grand_Prix
2025,17,baku,colapinto,2003-05-27,Argentine,alpine,16,5612733.0,Lapped,0.0,19,https://en.wikipedia.org/wiki/2025_Azerbaijan_Grand_Prix
2025,17,baku,piastri,2001-04-06,Australian,mclaren,9,,Retired,0.0,20,https://en.wikipedia.org/wiki/2025_Azerbaijan_Grand_Prix
